[{"title":"미국","keywords":["미국","USA","미합중국"],"data":[{"period":"2022-01-01","ratio":29.29981},{"period":"2022-02-01","ratio":50.31718},{"period":"2022-03-01","ratio":37.51725},{"period":"2022-04-01","ratio":26.62567},{"period":"2022-05-01","ratio":27.36696},{"period":"2022-06-01","ratio":26.64987},{"period":"2022-07-01","ratio":24.09624},{"period":"2022-08-01","ratio":26.95511},{"period":"2022-09-01","ratio":32.6039},{"period":"2022-10-01","ratio":32.31336},{"period":"2022-11-01","ratio":47.11178},{"period":"2022-12-01","ratio":40.46565},{"period":"2023-01-01","ratio":28.18179},{"period":"2023-02-01","ratio":23.23617},{"period":"2023-03-01","ratio":14.60894}]},{"title":"중국","keywords":["중국","시진핑"],"data":[{"period":"2022-01-01","ratio":30.00298},{"period":"2022-02-01","ratio":100},{"period":"2022-03-01","ratio":59.55791},{"period":"2022-04-01","ratio":33.76953},{"period":"2022-05-01","ratio":48.56795},{"period":"2022-06-01","ratio":32.18035},{"period":"2022-07-01","ratio":32.39197},{"period":"2022-08-01","ratio":49.80048},{"period":"2022-09-01","ratio":39.20243},{"period":"2022-10-01","ratio":73.47539},{"period":"2022-11-01","ratio":57.27885},{"period":"2022-12-01","ratio":51.00881},{"period":"2023-01-01","ratio":40.45378},{"period":"2023-02-01","ratio":28.70498},{"period":"2023-03-01","ratio":21.37907}]}]