{
    "keep": {
        "days": true,
        "amount": 1
    },
    "auditLog": "logs\\.2555c3afd621d3f22e41396f2c8336f010e09c54-audit.json",
    "files": [
        {
            "date": 1678415807352,
            "name": "logs\\2023-03-10-11.log",
            "hash": "fe9dac77aa929c81e087c11aabce47578cfe18d70fb827fbbbf826af1c5e65a4"
        },
        {
            "date": 1678417284235,
            "name": "logs\\2023-03-10-12.log",
            "hash": "d1415d383a6f90589cc6f0da8bfc3d71862b8aef0a8a5179a4a582a5269e8315"
        },
        {
            "date": 1678426597549,
            "name": "logs\\2023-03-10-14.log",
            "hash": "e65b2b9832759bab5c1013f71897eb6c5bbe7502d7e84309e67ee9ae8a4a8c0c"
        },
        {
            "date": 1678428061775,
            "name": "logs\\2023-03-10-15.log",
            "hash": "f527f03b609acbc29518e7a1847be35cc362520e1dcdfe1e990d951377a65f7b"
        }
    ],
    "hashType": "sha256"
}